{"cameraMode":{"drawMode":0,"name":"Shaded","section":"Shading Mode"},"sceneLighting":false,"audioPlay":false,"sceneViewState":{"showFog":true,"showMaterialUpdate":false,"showSkybox":false,"showFlares":true,"showImageEffects":true,"showParticleSystems":true},"in2DMode":false,"pivot":{"x":-2.5199999809265138,"y":0.5650010108947754,"z":5.099999904632568},"rotation":{"x":0.6514313817024231,"y":-0.1352398544549942,"z":0.11955040693283081,"w":0.7369229793548584},"size":9.1253662109375,"orthographic":false}